threshold_m,population_within_pct
300,22.06178388825193
500,37.86741534087994
1000,64.16717425036211
